first_name,last_name,email,product_id,qty,amount,description,address,city,state,country
Victor Gilbert,Jacob Long,tracycox@hotmail.com,111,3,54.9,Per believe it discussion art.,25709 Tammy Ranch Apt. 087,West Kevin,South Carolina,Denmark
Christine Ramos,William Andrews,robin32@yahoo.com,139,3,92.21,Significant local purpose today age.,0489 Stacy Squares,Lake Jamesside,Missouri,Mexico
Alicia Sellers,Lisa Perry,chamberscarla@hotmail.com,118,6,67.53,Many couple citizen even family hard water.,718 Chen Plaza Suite 120,Adamton,California,United States Virgin Islands
Mia Diaz,Rebecca Simmons,saundersbrooke@woods.biz,183,8,11.14,Year then share power dark film involve.,47453 Petty Path,East Ryanport,West Virginia,Mali
Stephen Chang,Kimberly Castaneda,steven90@richardson.com,162,6,19.02,Mission rich fast garden white.,020 Adams Squares Suite 620,South Carolynview,Massachusetts,United States Virgin Islands
Diana Cohen,Amber Fisher,wparker@hotmail.com,136,1,76.51,Information security television peace throughout if.,6674 Anthony Isle Apt. 023,Amandaview,Arizona,Moldova
Erica Martinez,Tiffany Gardner,carlsonkevin@fernandez-cox.org,165,3,9.35,Chair various class specific his million.,33582 Kyle Summit Apt. 268,Michelleview,New Hampshire,Morocco
Chloe Henderson,Caitlyn Burch,perrypreston@hotmail.com,135,7,28.77,Cup forget player church.,6823 Aguirre Garden,Micheleside,Missouri,United Kingdom
Patrick Miranda,Rebecca Meyer,ireese@hotmail.com,171,5,73.04,Foreign act establish chance law best month.,399 Carter Lakes Apt. 721,North Michaelchester,Minnesota,Timor-Leste
Denise Weber,Carrie Wells,bairdchad@alexander.com,171,5,5.09,Various draw guess key act herself guy.,29493 Miller Well Suite 780,Turnerfort,New Jersey,Benin
Jesse Mack,Jonathan Santiago,lopezjohn@price-williams.org,153,3,93.56,Hard health listen on true southern myself.,096 Richard Roads Apt. 216,Monroeland,Kentucky,El Salvador
Elizabeth Johnson,Aaron Johnson,fwells@moore-joseph.biz,145,6,61.21,Pick like really tend director.,723 Bell Field Suite 647,Ericton,Louisiana,Zimbabwe
Jacob Flowers,Sean Bird,djuarez@yahoo.com,107,4,43.23,The skill resource between prevent despite clear.,645 Bryan Field,Davidhaven,North Carolina,Bangladesh
Jacqueline Duarte,Mr. Darren Newton,turnertaylor@shea.net,108,9,34.44,Coach study rock general source state tax.,78104 Vanessa Street Suite 268,Dianaville,Hawaii,Mozambique
Erin Mccoy,Amber Wilson,rho@yahoo.com,113,6,67.07,Court need establish year safe mouth.,341 Wallace Knoll,Mcculloughbury,Montana,Saint Pierre and Miquelon
Daniel Parker,David Jordan MD,tiffanychapman@james-luna.info,144,5,6.15,Police station but less record true site.,11824 Thomas Stravenue,Simonton,Oregon,Palestinian Territory
James Smith,Charlene Boyd,lwilson@gregory.info,156,1,35.92,Forget bag natural half.,38683 Walker Way,Watsonmouth,Nebraska,Denmark
Brittany Ramsey,Phillip Bennett,hendersonbrian@yahoo.com,169,3,56.68,Value beyond matter threat agent.,61123 Beck Mall,North Tracy,Rhode Island,El Salvador
Ryan Bowman,Melanie Terry,xsampson@yahoo.com,198,3,21.76,Rate community woman out girl environmental continue social.,328 Jeffrey Club Suite 698,East Anthonyland,Alaska,Nepal
Karen Brown,George Massey,robinsonjeremy@brown.info,152,4,18.01,Security hot its cut player.,32819 Smith Well Suite 876,Yvonnemouth,Georgia,Isle of Man
Grant Wood,Brenda Kelley,tinabaldwin@giles.com,199,7,7.55,Determine television part response.,11760 Amy Locks Apt. 418,Davidton,Oregon,Cote d'Ivoire
Christie Allison,Brad Zavala,karilloyd@hotmail.com,180,6,80.78,Choose true on join cold smile.,7456 Gomez Locks,Lake Henry,Arkansas,Morocco
Devon Fitzgerald,Debbie Miller,james89@hatfield.com,142,8,12.68,Image treatment tax lawyer.,307 Richard Wall Apt. 623,Williamsbury,Arkansas,Canada
Lonnie Best,Cory Dunlap,angelicamiller@williams-robinson.com,109,1,50.72,Water modern simple call price.,383 Steven Via,Carlyberg,New York,Gabon
Mrs. Penny Martin,Alexis Ramos,pharrison@yahoo.com,170,3,16.98,Teacher eye trade entire.,74070 Ashley Ways,Lake Crystal,Wyoming,Cayman Islands
Wayne Burnett,Jordan Jones,clarkmatthew@farrell.com,137,4,21.35,Difference here very others note.,34471 Daniel Trail Apt. 009,New Prestonburgh,Alaska,Nepal
Deborah Wilson,Hunter Robinson,marysmith@yahoo.com,149,3,98.51,Tax if pay suddenly.,3510 Megan Heights Apt. 299,North Robert,Texas,Malaysia
Christine Gregory,Jennifer Peters,erica54@gmail.com,111,6,36.83,For away bill.,31691 Keith Route Apt. 415,Racheltown,Illinois,Costa Rica
Kathryn Wu,Calvin Black,thomasbrian@pratt.org,108,6,85.95,Itself get politics middle support or.,292 Lopez Lights,West Michaeltown,Michigan,Guam
Cody Johnson,Patricia Chen,robert60@gmail.com,105,3,71.78,Owner agency media series care of.,19393 Deborah Cliffs,Crystaltown,Iowa,Ukraine
Joshua Allen,Bruce Harper,andersonrenee@gmail.com,166,4,86.14,Six national compare establish reach.,002 Deborah Parks,Rodriguezshire,Massachusetts,Bangladesh
Brittany Dean,Cassandra Daniels,michael42@allen-baker.com,194,1,26.84,Benefit house have control near hotel.,61240 Alexis Trafficway,Port Ryan,North Dakota,Montserrat
Philip Sandoval,Desiree Watson,hartamber@yahoo.com,154,2,50.93,Which people later area interesting pass after.,90257 Michael Loop Apt. 481,New Jeffrey,Wisconsin,Czech Republic
Sharon Martinez,Jonathan Duarte,oroach@hotmail.com,103,3,36.72,Who condition field among.,6465 Vanessa Estates Suite 322,Anthonyfurt,Oklahoma,Bangladesh
Shawn Kramer,Holly Harvey,andrewsjessica@hotmail.com,159,7,62.53,Consider similar benefit head identify business.,16183 Taylor Loop,East Michelle,Michigan,Niue
Trevor Hoffman,Melissa Best,randyclark@gmail.com,105,5,24.01,Majority computer doctor protect new.,83155 Lee Causeway Suite 415,Bookerberg,Oregon,France
Kimberly Kennedy,William Freeman,alisonmorales@wright.com,134,9,96.05,Different describe two.,32594 Jason Crossroad,New Jessicafort,Hawaii,Chile
Andrea Figueroa DDS,Andrew Quinn,valerie60@yahoo.com,107,6,22.47,Itself own religious.,569 Perez Way Apt. 865,Jonathanbury,Wyoming,Senegal
Michael Valdez,Ryan James,millerheather@thomas.com,127,7,44.53,Reflect growth too.,00572 Roach Islands,Lake Janiceshire,Oklahoma,Sierra Leone
Aimee Williams,Heather Jones,sabrina33@eaton-guerrero.com,137,9,42.19,To actually method goal position good tree ready.,57674 Carroll Plains,Joannfurt,West Virginia,Myanmar
Matthew Brown,Nicole Sloan,tracy05@sanchez.com,122,9,96.91,Until support again beautiful change.,050 Anthony Rest Apt. 960,North Shelby,Maryland,Bulgaria
Mindy Miller,Kevin Harper,russellmelissa@lane-lopez.com,104,4,66.96,Trouble store type sing.,02852 Kevin Island,East Patrickland,Ohio,Guernsey
Robert Mendoza,Julian Anderson,kristenwise@west.org,184,7,85.52,Remain before stop kid beat.,293 Gutierrez Ports Apt. 358,West James,Pennsylvania,Cuba
Eric Stone PhD,Jason Liu,andrewkelley@wallace.com,199,3,42.1,Of policy early act physical.,762 Hughes Trail,New David,California,Nauru
Nicholas Crawford,Tina Hicks,stephen40@hotmail.com,182,4,82.81,Fast right group increase campaign.,638 Davila Manors,West Melissa,Oregon,British Indian Ocean Territory (Chagos Archipelago)
Carl Arellano,Reginald Bray,maryhunter@velasquez.com,147,9,56.66,Red interest shoulder fly too relate middle.,6913 Butler Cliffs Apt. 841,Port Lisastad,Connecticut,Sao Tome and Principe
Rachel Thornton,Keith Robertson,anthony72@fitzgerald.com,118,7,88.83,Reflect condition baby increase rule down physical.,888 Emily Crossroad,East Donaldtown,Iowa,Chad
Michelle Ramirez,Tammy Hawkins,mirandakane@turner.info,161,3,68.74,Man usually quite your nice top.,577 Mendez Lake,Port Linda,New York,Albania
Alexander Clarke,William Levy,zlong@yahoo.com,163,7,33.86,Loss every above we mouth present.,3107 Jennifer Squares Apt. 817,East Reneefort,Mississippi,Gibraltar
Anthony Miller,Jeffrey King,emadden@jones.net,157,7,77.72,Create positive seem data here choice history.,277 Bennett Junction Apt. 517,Barryborough,Kentucky,French Polynesia
Patrick Sandoval,Craig Richardson,jennifer02@yahoo.com,131,4,29.5,Sure along always along degree.,524 Jones Skyway Apt. 176,Scottfurt,Illinois,Sweden
Amanda Elliott,George Moore,leonardhannah@hotmail.com,123,3,95.99,Both build blue medical offer draw peace.,085 Brianna Divide,Cynthiaport,Maine,Korea
Richard Wright,Peter Hicks,jacob69@webb.com,145,3,14.63,Certain hospital arm different central power.,27975 George Skyway,Kaitlynland,Wisconsin,Ukraine
Andrew Warner,Kimberly Moore,ashley12@gmail.com,147,2,90.06,Special born claim serious.,984 Michael Roads,Sheenahaven,North Dakota,Ghana
Amy Tanner,Brian Jackson,brenda58@yahoo.com,131,8,17.49,Agreement lay vote law.,37795 Seth Glens Apt. 149,Port Mary,Alabama,United States Virgin Islands
John Payne,Mark Anderson,victorsullivan@mckenzie-obrien.org,189,8,20.49,While to network arm music skin be safe.,02276 Jenna Circle Apt. 980,Jeffreyview,South Carolina,Hong Kong
Steven Wilson,Zachary Summers,martinjohn@gmail.com,151,2,59.38,Bag challenge seven tonight wife student white.,29773 Bryant Plain,Danielstad,Arizona,Bermuda
Ashley English,Craig Lawson,jamesmerritt@gmail.com,159,2,57.71,Similar eye establish finally high term.,7289 Sosa Center Apt. 381,Port Carla,Vermont,Saint Vincent and the Grenadines
Brittney Ritter,Barbara Mcguire,uramsey@roach.com,107,2,62.36,Remember score pretty news usually nature assume.,71796 Patrick Curve Suite 049,Tylershire,Hawaii,Tanzania
Michael Fletcher,Melvin Maddox,kvang@gmail.com,108,8,41.62,Century according your brother.,730 Scott Oval,West Daniel,Colorado,Bouvet Island (Bouvetoya)
Melissa Dominguez,Betty Wright,anthony49@davis.com,125,1,66.78,Film support receive.,01944 Patrick Centers,South Joshuahaven,Alaska,New Zealand
Natalie Smith,Jessica Hale,christopherryan@hotmail.com,126,8,32.21,Official authority generation teach very again American.,05286 Fox Haven Apt. 021,Bryanland,Georgia,Italy
Alyssa Cox,Lynn Bond,lhart@stone.info,140,3,27.87,Rest white must brother success soon.,30481 Williams Centers,Jacksonfurt,Massachusetts,Dominica
Brittney Brady,Barry Rice,msanchez@edwards.com,103,5,12.22,Continue surface charge future here focus audience.,4706 Heather Trail Apt. 395,North Hollyport,Wisconsin,Tuvalu
Amy Reynolds,Laurie Porter,christian11@yahoo.com,155,3,99.45,Skill leave second west soldier town.,740 Kristina Lake,Jenniferfurt,New York,Denmark
Janet Lawson,Kelly Burgess,nguzman@gmail.com,125,5,86.58,Throughout morning experience can surface experience left.,2557 Sarah Mountain,Port Megan,Michigan,Fiji
John Young,Mr. Michael Dillon,christopher52@hotmail.com,171,5,9.07,Prepare father area between.,37894 David Isle Suite 295,Acostafurt,Mississippi,Latvia
Allison Estrada,Michael Sweeney,myersmichael@yahoo.com,188,6,32.46,Administration himself buy two analysis back.,37372 April Drives,Maxwelltown,Kansas,Colombia
Brandon Riggs,Katelyn Stewart,ihamilton@abbott.com,182,8,83.46,Participant sense would guy view.,149 Fischer Fords Apt. 951,Port Lisa,Arizona,Mozambique
Timothy Murphy,Tina Gonzalez,rickyfletcher@bullock-meyers.info,104,2,61.78,Everyone economy themselves tough trip enough middle.,803 Ashley Isle,East Rachelchester,Alaska,Kenya
Dennis Lawrence,Tara Martin,eric54@payne.com,111,1,90.79,Production admit computer range question.,05968 Debbie Ramp,Vaughnview,Iowa,Kazakhstan
Jared Huynh,Harry Waters,sheena84@gmail.com,180,9,72.49,Process line air meeting item other almost.,67367 Stevens Square Suite 033,Thompsontown,Oklahoma,Japan
Kathy Arroyo,Bethany Bryant,wsosa@smith.net,131,9,96.94,City cold several.,55565 Michael Manor,Seanfurt,Rhode Island,Russian Federation
Anne Hoffman,Mary Green,thomas41@carpenter-chandler.net,160,4,32.02,Method music rock treatment.,622 Riley Track,North Rhondachester,Wyoming,Turkmenistan
Kathleen Smith,Nicole Brooks,patricia49@brown.com,191,1,75.6,Today memory behind vote.,6888 Linda Route,East Michaelstad,West Virginia,Saint Pierre and Miquelon
Justin Chase,Marilyn Miller,jeremiahmartin@yahoo.com,152,2,9.51,First bill relate election member happy.,89037 Luna Gardens Suite 598,Castanedaland,Idaho,Chile
Lindsey Scott,Marie Long,megan06@luna.info,174,7,13.04,Behavior surface environmental performance.,56836 Martin Locks,Rollinsmouth,Pennsylvania,Kenya
Tamara Molina,Nicholas Smith,whitemelanie@gmail.com,113,5,29.33,Tree live charge.,26248 Regina Shore,South Kara,Hawaii,Iceland
Natalie Stokes,Joanne Davis,charles87@matthews.biz,132,5,79.13,Oil boy small kitchen.,8682 Evans Ways,East Janetbury,Montana,Sri Lanka
Margaret Hunter,Gregory Wilson,xmoyer@yahoo.com,184,9,33.91,Identify exist difference training.,643 Peck Bridge,Ericfort,New Mexico,French Polynesia
Kevin Cervantes,Michael Gentry,oliviasmith@stephenson.net,155,6,55.17,She will chance.,5064 Smith Locks,New Steveborough,South Dakota,Burundi
Rodney Lozano,Tracy Walsh,vdixon@hotmail.com,112,4,87.07,Red step third determine run result wear.,38446 Martinez Expressway Suite 695,Sheenafort,Nebraska,Reunion
David Weaver,Samantha Bowers,christopherramirez@yahoo.com,154,9,31.13,Information nearly note ahead herself wonder during.,95075 Torres Course Apt. 297,New James,South Dakota,Antigua and Barbuda
Aaron Peterson,Mr. Matthew Rodriguez MD,tdavies@price-hahn.com,121,8,11.65,Her performance so address food.,731 Jennifer Manor Suite 554,East Maryville,Nevada,Niger
Cheryl Kelly,Christopher Parks,stewartchristine@daniels.com,114,1,20.54,Total hit space throw contain.,4407 Anderson Wells Suite 618,North Kristinburgh,Washington,Niger
Amy Roberts,Tyler Rodriguez,sarahturner@oneill-khan.org,164,7,10.21,My matter book forward power wish.,921 King Turnpike,Juliefort,Rhode Island,Spain
Dr. Karen Cohen,Judy Silva,eddierodriguez@hernandez.com,144,5,98.83,Nothing back light indeed often guy mother two.,3873 Julie Roads Apt. 937,Philiphaven,South Carolina,Palestinian Territory
Beth Jenkins,Eric Hoffman,ocabrera@moore-guerrero.com,190,5,93.74,Would sell big.,56078 David Squares,New Deannatown,Utah,Mauritius
Theresa Cook,John Rice,stephenthompson@gmail.com,196,7,36.67,Pattern try each beat anyone.,76838 Blake Motorway Apt. 853,South Chad,Iowa,Togo
David Oneal,Julie Bell,hbryan@gmail.com,153,2,86.31,Medical reveal guy story.,30199 Elliott Manor Apt. 697,Josephchester,Maryland,Egypt
Daniel Gilbert,Kyle Oconnor,ckelley@moore-garcia.com,185,1,43.88,Federal similar animal response thus political.,023 Michele Freeway Suite 921,Bethanyhaven,Alaska,Chad
Eric Owens,Damon Jackson,fred11@gomez.biz,134,8,45.96,Civil evening meet receive.,53215 Turner Manors,North Nicholasbury,Pennsylvania,Estonia
William Davies,Beth Cook,wbrown@hotmail.com,131,5,23.12,Site right sister wonder.,61515 Kim Ramp Apt. 616,West Cindy,Virginia,Romania
Sierra Sherman,Emily Williamson,waynebaker@hotmail.com,152,7,58.23,Resource Republican treatment foreign day relate letter.,59443 Laura Oval,Wallacefurt,Missouri,Jersey
Andrea Fisher,Carol Obrien,martinemily@gmail.com,151,5,98.94,Clearly last price accept list computer.,4239 Hamilton Stream Suite 973,New Jessicaton,Montana,Comoros
Erin Brown,Nathaniel Oconnell,patriciasnyder@erickson.com,144,3,68.58,With need take between general itself let.,61679 Ryan Mountains Suite 727,Jonathonton,Idaho,United States Virgin Islands
Heather Delgado,Daniel Parks,stephanie18@hotmail.com,157,5,8.08,Knowledge hundred business look.,2866 Jonathan Junctions,Port Kevin,Oregon,El Salvador
Vanessa Ellis,Maria Smith,emily45@huang-harrison.com,179,3,41.25,Dark theory science town step.,71555 Eric Mission Suite 990,West Michele,Louisiana,Netherlands
Diane Henderson,Michele Fisher,kevingray@gmail.com,118,3,47.87,Boy wonder expert hot at somebody.,1399 Garcia Manors,New Robertville,Utah,Brunei Darussalam
Juan Wilson,Teresa Perez,oconnorjustin@strickland-bennett.com,195,1,67.32,Thousand meeting say room story project.,48936 Walsh Shoals,West Sean,South Carolina,Antarctica (the territory South of 60 deg S)
Sarah Maldonado,Marissa Perry,jjackson@hotmail.com,129,3,42.94,Such accept choose either challenge study employee.,81702 Lozano Dale Apt. 679,East Christina,Texas,Bhutan
Melissa Moore,Cynthia Ramirez,marklopez@hotmail.com,186,7,62.16,Law south people partner team challenge know any.,6374 Park Wall,Tommyview,Nebraska,Svalbard & Jan Mayen Islands
Victoria Peters,Edward Harris,ulee@yahoo.com,118,3,46.29,Teacher let national natural such.,616 Moore Shoals Suite 445,Taylormouth,Arkansas,Cocos (Keeling) Islands
Ricky Johnson,Whitney Mathis,kristinataylor@thomas-reed.net,102,7,31.03,Notice important attention rather player common character.,634 Kenneth Spurs,Jenniferton,Kansas,Maldives
Danielle Moore,Bonnie Rogers,hharris@yahoo.com,194,4,44.96,Figure nearly fact hand standard herself.,23190 Jasmine Circle,West Janetview,Arizona,Libyan Arab Jamahiriya
Melissa Rodriguez,Lauren Smith,brownjacqueline@medina-henderson.org,129,2,74.3,Effort food event song.,0683 Allison Mall,New Karen,Colorado,Gabon
Roberto Green,Tammy Alvarez,thomasdennis@yahoo.com,160,3,75.87,Nation him would pattern.,04477 Jessica Row Suite 550,Gregoryton,Connecticut,British Indian Ocean Territory (Chagos Archipelago)
Rachel Tate,Richard Copeland,rwillis@morales-allen.info,138,9,99.26,Will attack clear mother.,243 Hayes Unions Apt. 964,South Cassandraberg,Vermont,French Guiana
Richard Gutierrez,Cheryl Morton,henry69@welch.org,132,7,83.17,Sister imagine four hope social person.,334 Tanner Stravenue Apt. 574,Lake Davidfort,Montana,Northern Mariana Islands
Rebecca Snyder,Linda Tran,cheryl44@newton-larson.info,158,9,95.6,Power word paper.,83990 Moses Radial,East Brett,Mississippi,Grenada
Jill Solis MD,Carrie Zuniga,pwilliams@robbins.biz,171,2,46.61,Government weight west affect arm reality.,8974 Mary Track Apt. 685,East Donna,Nevada,Myanmar
Michael Adams,Dawn Hopkins,khicks@patel.com,185,6,73.08,Well another right law.,51956 Jennifer Port Suite 168,Markbury,Wyoming,Reunion
Anna Davis,Samuel Joyce,janetsummers@williamson-cunningham.com,181,3,62.26,Project say explain vote.,04648 Tran Forks,Moorehaven,Florida,Bahrain
Ronald Mason,Carolyn Smith,stephensmalik@yahoo.com,146,9,89.84,Reason plant me lead.,68531 Philip Wells Apt. 089,Lake Jose,Hawaii,Dominica
Melissa Thompson,Kimberly Dunn,crystal31@rosales.com,196,7,79.07,Gas myself then send.,91414 Tracy Well,Petersenfurt,Idaho,Guinea-Bissau
David George,Heather Hammond,ljones@hotmail.com,169,2,62.16,Finish knowledge really thought.,7778 Joseph Plaza Suite 428,Lake Justin,Wisconsin,Isle of Man
Adam Alvarez,David Thomas,tracifloyd@gmail.com,133,7,13.66,Form such glass involve cut easy.,000 Fox Club,North Kimberly,South Carolina,Cook Islands
John Huang,Alyssa Young,grant98@yahoo.com,179,8,77.21,Determine plan brother last.,4929 April Greens Suite 568,Michaeltown,North Dakota,Poland
Jessica Bowman,Benjamin Simpson,ashleyparrish@watson-rogers.com,110,6,14.36,Speak behind official enjoy.,4300 Robert Knolls Suite 539,New Robertfort,Georgia,Benin
Stephanie Moon,Michael Proctor,mosescarlos@davis-scott.org,125,6,19.03,Reflect new share quickly way look.,123 Laurie Plaza,Port Sharon,Maryland,Korea
Amy Bender,Michael Knapp,opeters@yahoo.com,195,1,55.02,Wrong care project quickly from.,9241 Heather Passage Suite 474,Blairburgh,Colorado,Slovenia
Richard Johnson,Connor Pearson,jimenezalexandra@yahoo.com,164,5,58.01,Girl onto only.,2603 Edwards Lane Suite 079,New Barbarashire,Vermont,Bulgaria
Cynthia Marshall,Brittney Miller,carrolljames@hotmail.com,133,3,64.89,Successful bad later.,642 Walker Fields,New Danielfort,Maine,Korea
Chelsea Thompson DVM,Julia Hall,kurthanson@osborn-lawrence.biz,168,4,38.29,Drop level time.,37643 Roberts Inlet,East Stevetown,Mississippi,Malaysia
Timothy Jennings,Maxwell Mcdonald,matthew94@hotmail.com,146,5,61.18,Hot call station message foot buy usually.,433 Benjamin Way,Saundersville,Michigan,Croatia
Martin Wright,Kimberly Rose,alyssa39@hotmail.com,184,4,98.68,Can by dream.,727 Adams Locks,Tiffanymouth,Pennsylvania,Nepal
Troy Torres,Jody Perez,martin11@hotmail.com,151,9,21.74,Knowledge heart possible image doctor kitchen actually.,072 Robert Walks,Teresaview,Alabama,Gibraltar
Jonathan Hayes,Margaret Black,avaughn@adams-hubbard.org,119,5,25.71,Place trial yeah art safe condition bring.,499 Clayton Loaf,Onealport,Delaware,Guernsey
Rebecca Gonzalez,Glenda Robinson,alee@smith.com,130,6,57.64,Hand dark fall budget.,764 Sullivan Ways,Lopezview,Minnesota,Moldova
Cory Mclaughlin,Scott Smith,gsummers@gmail.com,175,2,57.05,Prevent across officer country must rule attorney appear.,873 Lamb Highway Apt. 368,East Lindatown,New Jersey,Togo
Elizabeth Chandler,Samantha Castillo,prattstephanie@hotmail.com,115,7,68.09,Our hard fire board human yeah themselves experience.,68368 Contreras Neck Apt. 334,South Stephanieside,California,Spain
Kristin Johnson,Amanda Rodriguez,walkertom@patel.net,125,1,38.62,Leader her become mission sell seven.,50570 Sarah Courts Apt. 964,Castilloborough,New York,San Marino
Rebecca Smith,Edward Jackson,xlang@martinez-hoffman.biz,187,5,75.94,Five result through.,228 Sylvia Plaza Apt. 105,North Justinfort,Ohio,Syrian Arab Republic
Leroy Perez,Jason Hudson,josephroy@gmail.com,183,9,87.72,After team fast song each.,1061 Coleman Island Apt. 433,Basschester,Alaska,Swaziland
Katherine Alvarez,Melissa Branch,thomas93@nelson-williams.biz,102,6,61.3,Cover far agreement box customer.,64100 Todd Tunnel,New David,Pennsylvania,Namibia
Bryce Wilson,Spencer Sanchez,zreynolds@hotmail.com,196,4,79.62,Explain agreement determine important goal teacher dog.,5056 Jessica Keys Suite 333,Geraldton,Washington,Wallis and Futuna
Ashley Hughes,Ashley Hernandez,marisa38@hotmail.com,106,8,39.77,Already at pass memory.,7779 Michael Overpass,Thomasland,Washington,Qatar
Gabrielle Smith,Matthew Clark,deanna49@gmail.com,126,3,97.87,What building leg.,998 Gates Turnpike Suite 930,Port William,Nebraska,Hungary
Mary Fields,Christopher Underwood,danielthomas@schmidt.org,111,3,35.3,Life learn father a.,305 Tanner Radial,Smithton,Kentucky,Estonia
Alexander Hebert,Todd Burgess,delgadojoshua@aguilar-harmon.org,145,6,11.26,Rather lose eight start.,3360 Noble Plains,Sarahchester,North Dakota,Iran
Michelle Lewis,Lindsey Willis,zhernandez@stevens.org,115,7,21.74,Single sister avoid.,604 Brenda Route Apt. 175,Velezview,Tennessee,Argentina
Darren Romero,Katelyn Ochoa,casey48@gmail.com,141,6,35.51,Security short and tell ahead.,522 Shields Pike Apt. 419,Armstrongshire,Alaska,Dominica
Benjamin Martinez,Michael Hernandez,rita42@wolfe.com,197,3,45.86,Purpose federal law ball.,682 April Rapid Apt. 397,Harrisville,Louisiana,Bhutan
Cassidy Powers,Kathleen Yu,dawsonrobert@cervantes.com,185,5,13.95,Western despite cup keep.,96336 Anne Motorway,Adamland,New York,Lesotho
Krystal Conley,Kelly Mcbride,matthewmay@lee.com,189,2,99.62,Join court vote fight family number.,07241 Edwards Squares Apt. 272,Jenniferland,Nebraska,Ireland
Dawn Smith,Jessica Black,larry33@yahoo.com,195,1,84.68,Commercial behavior not leg best mean official.,6099 Espinoza Station Suite 996,Erinbury,Louisiana,Australia
Ricky Miller,Betty Ramirez,jay89@miller.info,149,2,38.91,Crime she story class.,5074 Jose Roads,Tammystad,Ohio,Croatia
Lindsey Morgan,Edward Bishop,owenschristine@gmail.com,109,5,85.26,Expect consumer need majority how.,426 Jessica Squares,New Amy,Arkansas,Turkey
Richard Cooper,Jason Lopez,nicole61@gmail.com,125,5,72.07,Red different popular thought mention.,67326 Jeremy Port,Port Geoffrey,Rhode Island,Cyprus
Eric Williams,Pamela Schmidt,shawn94@heath.com,169,7,75.83,But street economic time always happen.,9686 Garcia Falls,Jasonland,Pennsylvania,Belarus
Jason Powers,Jessica Reynolds,samanthasmith@watson-deleon.com,181,7,53.81,Place may late power baby fill.,80579 Lauren View,West Markshire,Vermont,Israel
Mark Mckenzie,Kenneth Gonzalez,moodybeverly@chapman-lynn.net,181,9,65.96,Traditional population sing issue there most significant.,905 Lee Port,Ayalastad,Iowa,Italy
Chad Thompson,Dominique Elliott,nicholsalicia@gmail.com,130,6,20.17,Central more animal room today.,51870 Moore Gardens,South Natalie,Colorado,Germany
Sabrina Scott,David Daniels,wavery@yahoo.com,179,3,29.45,President war ball follow former.,147 Harrison Bridge Suite 887,Krystalville,New Jersey,Romania
Shannon Strickland,Mr. Keith Christian MD,lhall@gmail.com,112,9,47.0,Wife majority he win.,2264 Daniel Spurs,North Mia,Maine,Poland
Amanda Rios,Joseph Wade,barnesryan@gmail.com,135,6,50.75,Wind though hold employee other religious season forward.,0498 Joann Locks Apt. 340,Cochrantown,Vermont,Martinique
Denise Jones,Christopher Parker,lreed@hotmail.com,167,5,39.3,Society summer concern computer report a.,8573 Michael Courts Suite 853,Dennismouth,Georgia,Tokelau
David Lyons,Tracy Clark,alopez@gmail.com,115,8,35.91,Serious buy management behavior director lawyer early.,88711 Nichols Squares,Gregoryshire,Rhode Island,Saint Barthelemy
Sean Anthony PhD,Joseph Roy,williamfaulkner@flores-melendez.info,158,9,88.36,Light democratic skin particular radio federal occur.,14578 Ramirez Meadows,Lake Allenberg,Minnesota,Christmas Island
Stephanie Peterson,Robert Hickman,daniel20@morris.com,196,7,54.69,Impact environmental set court himself any nice save.,577 Willie Isle,Laurenburgh,Tennessee,United Kingdom
Penny Williams,Amanda Cooper,zreynolds@yahoo.com,186,1,94.17,Mission dinner visit discussion those.,035 Jessica Vista Apt. 055,North Annaborough,Virginia,Mauritania
William Stone,Justin Boyer,ginayoung@gmail.com,145,6,6.29,Leg audience special western nothing drop another.,51501 Blackwell Ridge,New Ericbury,Texas,Cote d'Ivoire
Renee Sharp,Adam Lopez Jr.,djames@allen.biz,198,8,73.89,Student begin represent local.,2119 Tiffany Well,South Angela,Georgia,Mauritius
John Burton,Jose Ball,james61@gmail.com,127,4,31.99,Side mouth go environment on race.,90103 Rubio Creek Apt. 840,Rodriguezberg,Colorado,Angola
Karen Gill,Christina Schmidt,watsonstephanie@hotmail.com,152,9,99.75,Create current one painting top service.,907 Patel Fall,Perryberg,Mississippi,Cape Verde
Kelli Diaz,Anna Castillo,aroberts@henderson.org,164,1,64.67,Network against will quite here north rate because.,5900 Paul Causeway,Jacobville,Kentucky,Fiji
Patrick Young,Christopher Castillo,lindsaywest@boone.com,114,9,17.11,Itself really thousand.,2876 Jennifer Oval,Rebeccaview,Nevada,China
Scott Carpenter,Marilyn Strickland,yallen@vega-sanchez.biz,197,4,14.93,Miss newspaper trouble animal cover where.,0255 Stewart Ports,Kiddside,Indiana,Montserrat
Kimberly Ellis,Matthew Weber,bperez@hotmail.com,171,2,88.76,Apply force someone simply nature information.,000 Erica Light Suite 216,Danastad,North Dakota,Rwanda
Daniel Peterson,Karen Shaffer,chelseychan@haas.org,164,6,29.31,Small decide exist student.,0897 Lee Branch,West Alyssa,South Dakota,Ghana
Erika Navarro,Thomas Hernandez,kendranelson@bell.com,127,8,58.35,Measure operation degree million.,281 Miller Orchard,East Glenn,Mississippi,Iraq
Elizabeth Long,Katie Baker,rjackson@gmail.com,118,4,34.58,Name follow Republican inside themselves across.,85182 Maria Path Apt. 134,Fischertown,Missouri,Cote d'Ivoire
Tommy Foster,Theresa Hansen,lindsaygonzalez@gmail.com,113,5,75.36,Across response stage statement.,525 Solis Trail Apt. 507,South Kevinstad,North Carolina,Mayotte
Samantha Thompson,Mary Jackson,robertsoncharles@santiago.net,183,8,10.6,Upon traditional indeed whole technology affect without probably.,268 Brooks Turnpike Suite 670,Stevenview,Louisiana,Cayman Islands
Terri Brown,Michael Grant,rogerspaul@williams.com,177,8,45.86,Believe news recent.,48094 Sarah Trace,South Patrickport,Nebraska,Panama
Austin Mason,Matthew Harris,sullivanmarc@gmail.com,149,5,7.54,Write whatever candidate positive.,0809 Joshua Tunnel Apt. 798,Joshuachester,Ohio,Portugal
Megan Ellis,Andrea Lopez,thompsoncourtney@hotmail.com,170,7,34.91,Business stop go president network him single.,4964 Lewis Fork Suite 035,South Danamouth,Iowa,Ghana
Michelle Morris,Harold Wallace,michelle38@jennings-buchanan.com,171,3,38.93,Candidate source consider.,0032 Christopher Knolls,Victoriaberg,South Dakota,Saint Kitts and Nevis
Scott Carter DDS,Kelly Conrad,phillipwalker@hall.biz,129,1,17.74,Line fast skill else.,47207 Amy Divide,East Lisa,South Dakota,Finland
Amanda Costa,James Villa,wilkinsrandy@yahoo.com,139,3,22.6,How director nor.,69756 Mejia Knoll Apt. 434,Kimberlybury,Virginia,Uganda
Angela Moran,Valerie Price,rgarrett@murray.info,134,1,99.62,Believe minute consumer here check over.,898 Hernandez Ridges,Elizabethview,Maine,Rwanda
Christine Fuller,Jessica Shepherd,uali@obrien.com,199,8,54.58,Such program region institution let on turn.,0635 Kimberly Light Apt. 130,Websterport,Arkansas,Germany
Antonio Russell,Robert Powell,ihernandez@yahoo.com,198,1,29.47,Computer deep upon entire power smile huge.,90676 Jennifer Street Suite 168,West Lori,Utah,Puerto Rico
Natalie Ingram,Janet Frank,daniel49@calhoun.com,188,8,85.61,Provide deep couple car goal parent.,27716 Tiffany Valley Suite 943,Port Kimhaven,California,Afghanistan
Robin Duarte,Brandy Townsend,travisyoung@yahoo.com,156,5,80.79,So next lose such.,0661 Webb Mission,New Scottville,New York,Congo
Miss Valerie Williams,Alexa Conley,penaemily@daniel.org,113,2,97.13,Gas pick war prevent deep threat choose administration.,7997 Jacqueline Mountain Apt. 095,Charlesberg,South Carolina,Grenada
Richard Hansen,Samantha Day,dacosta@byrd-wong.com,179,7,44.84,Green too who future list run.,079 Anna Circle,North Elizabethstad,Maine,Serbia
Jose Wang,Vincent Smith,howard19@hotmail.com,111,8,92.78,Be south floor quality.,137 Robyn Burgs Suite 016,East Christopher,Tennessee,Congo
Troy Mcbride,Heather Perez,crystalstephens@hotmail.com,128,5,19.74,Group worry ground.,47242 Margaret Creek Suite 819,Guzmanville,Hawaii,Congo
Gabriela Vasquez,Matthew Sullivan,jessicahall@koch.com,136,1,47.75,Eat member would official.,4845 Ortiz Loop,Lake Mary,Ohio,Malawi
Jennifer Lopez,Melissa Walker,xperez@gmail.com,149,2,20.39,Air case medical brother fund compare.,82735 Torres Ports,South Craig,North Carolina,Syrian Arab Republic
Jason Hurley,Donald Jones,susancohen@hotmail.com,114,3,62.89,Group stuff read ever protect.,7298 Mcmillan Streets Suite 859,Staffordfurt,Hawaii,Montserrat
Andrew Ballard,Amanda Holland,justinbarnes@weeks.com,114,7,34.96,Identify standard box always.,566 Traci Canyon Suite 238,West Lisa,Maryland,Serbia
Karen Jimenez,Mark Nelson,flynndale@yahoo.com,135,1,82.99,Director kind age front.,12630 Mckee Curve Apt. 566,South Diane,New Jersey,Saint Lucia
Maureen Jones,Courtney Porter,heather23@yahoo.com,135,6,97.86,Smile now system.,73436 Jacqueline Motorway,East Heathertown,Nevada,Holy See (Vatican City State)
Michelle Torres,Alexander Taylor,drakedavid@yahoo.com,139,3,94.97,Thing view environmental.,1752 Torres Mission Apt. 265,Danielfurt,Alabama,Saint Kitts and Nevis
Bryan Newman,Bryan Carter,dyertara@alvarez.org,117,2,42.76,Whose call thought do knowledge vote pass claim.,7646 Sanchez Plains Suite 218,Caitlinville,Pennsylvania,French Southern Territories
Katherine Mejia,Daniel Johnson,christopheryates@gmail.com,148,7,89.75,Along fine sound trade concern wall.,34163 Christopher Highway,Jenniferfort,Utah,Reunion
Daniel Gibson,Austin Rivas,thomas93@yahoo.com,191,7,11.0,Against house discuss prove into smile base computer.,5818 Johnson Coves Suite 561,South Morgan,Indiana,South Georgia and the South Sandwich Islands
Ryan Williams,John Dunlap,johnny79@morgan.com,122,6,26.03,Support already possible character possible clear upon official.,5052 Tara Oval,Martinside,Maryland,Gibraltar
Scott Smith,Thomas Ingram,bakerdavid@lopez.com,188,3,69.55,Rather financial safe buy check.,171 Jay Estate,Lake Sherribury,South Carolina,Gibraltar
Terry Randall,James Stevenson,cooleysarah@gmail.com,172,3,48.04,Keep first provide dog good.,927 Jessica Center,New Brianport,Georgia,Togo
Jennifer Scott,Erica Parks,juliawilliams@dalton.com,139,1,93.93,House hard line sometimes value character color.,3669 Jacob Shoal Apt. 193,Amandaland,West Virginia,Serbia
Thomas Kelley,Kaitlyn Allen,patelsamantha@hotmail.com,163,5,63.79,Purpose range talk available standard old.,7757 Daniel Manor,South Ethan,Louisiana,Holy See (Vatican City State)
Lauren Miller,Robin Oneal,kristenanderson@gmail.com,142,9,30.22,Assume worker thing lay.,065 Logan Street Apt. 058,Erinborough,Michigan,Madagascar
Miguel Yang,James Kennedy,smithcraig@miller.com,151,2,63.04,Account family enough common.,6365 Bray Lake Suite 873,Hensonview,Washington,Saint Pierre and Miquelon
Jacob Morris,Mike Blanchard,usmith@snyder.com,165,7,88.18,Media impact nothing.,7214 Christine Burg Suite 419,West Daniel,Kansas,Falkland Islands (Malvinas)
Lindsey Fleming,David Clark,ruth91@hotmail.com,159,4,42.46,Land pick they.,967 Patterson Skyway Apt. 320,West Brandon,Nevada,Moldova
Sierra Campbell,Rodney Howell,bernard72@gmail.com,190,2,50.95,Beat easy enough space paper.,0842 Tanya Gateway,Carlaville,Kentucky,Philippines
Pamela Dixon,Mrs. Marie Wiggins,wendybyrd@howell.com,133,6,17.32,Whom her bag partner effort range.,370 Andrews Run,East Caitlinview,New Mexico,Kiribati
Wesley Jackson,Johnny Gibbs,robertking@yahoo.com,151,3,70.58,Wall if officer contain.,185 Sean Meadow,Port Aimee,Idaho,Tunisia
Nathan Reyes,Julia Gray,beverlygonzalez@bernard.org,146,4,78.18,Turn book family learn so may.,209 Barbara Expressway Suite 895,Patrickberg,Idaho,Suriname
Timothy Harris,Mary Garcia,mckenziedonald@smith.com,156,9,64.59,Follow low exist reveal.,9988 Kenneth Meadows Suite 697,West Lori,Montana,Poland
Brian Herrera,Jason Holland,austinelizabeth@hotmail.com,146,8,69.65,Speech low such.,283 Diaz Village,Lindseystad,California,Burundi
Amanda Lee,Brandon Smith,jonesmichael@gmail.com,101,4,92.24,Have success book generation law save.,069 Melissa Brook Apt. 591,Michaelstad,Florida,Moldova
Johnny Reeves,Malik Rowland,williamwilson@gmail.com,134,5,83.58,Could only mouth everything drive old people change.,2448 Julie Forges Suite 604,North Franciscochester,Texas,Afghanistan
Marc Gibson,Samantha Sutton,kenneth29@yahoo.com,164,2,71.93,Behavior old right popular approach society.,472 Estrada Key,Johnsonfort,Maine,Armenia
Sonya Stewart,Casey Villarreal,jjohnson@gmail.com,139,3,33.4,Gas call price compare more.,5573 Seth Gateway,West Jacqueline,Michigan,Chile
James Burke DVM,Pamela Patterson,tuckerralph@yahoo.com,149,7,79.0,Wear debate mission population major.,55812 Kristi Common,Lake Rebecca,New Mexico,Sweden
Jennifer Ramirez,Todd Hammond,ostewart@hotmail.com,154,3,53.54,Degree debate door stock clear those between.,4873 Angela Circles,Keithville,Arizona,Denmark
Daniel Bryant,Brandon Gonzalez,lisasmith@diaz.com,104,3,90.83,See tonight return bag wrong hear.,0264 Lamb Mountain Apt. 973,Brettberg,Maryland,Iceland
Antonio Bell,Marcus Schmidt,robertclark@gmail.com,189,9,94.97,Tough college news future clear less money.,7064 Young Stravenue Suite 094,South Brendamouth,Nevada,Andorra
Danielle Robles,Meghan Brock,ujohnson@torres.com,104,3,35.57,Term blue should sense according method doctor.,8692 Shirley Glen,Dennismouth,Washington,Slovenia
Leslie Rasmussen,Robert Hall,susan86@shaw-waller.info,193,9,51.07,Drop ahead explain car.,47819 Willis Junctions,West Ashley,Nebraska,Iceland
Melinda Bryant,Karen Willis,mary54@yahoo.com,134,2,73.0,Understand official end whose institution store section.,50269 Parker Oval,West Brenda,Indiana,Congo
Brandon Ramirez,Rebecca Brooks,whitemichael@bowen.com,130,4,6.85,Government result include provide focus in itself staff.,185 Russell Village Apt. 498,Gonzalezville,Colorado,Bahrain
Paula Santos,Andrea Robinson,rhorn@rodriguez-ware.org,163,9,54.1,Why weight alone all once.,45393 Anne Vista Suite 237,Amyport,Massachusetts,Angola
Ralph Evans,Michael Nguyen,david20@davidson-daniels.com,125,4,50.63,Environment six debate.,702 Cook Club,East Patricia,Connecticut,Sri Lanka
Dakota Barber,Martha Johnson,kimberlyburch@harris.com,185,1,45.95,House art work budget open.,929 Miller Forge,Boyleborough,Illinois,Korea
Brandon Brown,Peter Meyers,hollandchristian@vazquez.com,112,2,79.35,Spend with return capital.,598 Michael Station,Clairefurt,Pennsylvania,Wallis and Futuna
Brandon Bauer,Phillip Hansen,wellsjulia@gutierrez.com,197,7,79.03,Process consumer parent piece occur director discussion.,6226 Glover Overpass Suite 974,South Allison,Louisiana,Western Sahara
Tammy Walters,Charles Ross,gscott@hotmail.com,110,9,33.5,Head within affect region.,1817 Williams Glens,Diazmouth,North Carolina,Finland
Rebecca Davis,Stephen James,andre76@hotmail.com,192,2,95.57,Different serve here in own himself box yourself.,5091 Gaines Cove,Gregoryburgh,South Dakota,Sierra Leone
Krista Garcia,Connor Garrett,ttorres@stout.org,148,1,90.69,Mrs next increase brother range audience charge.,62590 Brown Pine Suite 234,Curtisport,Maine,French Guiana
Dr. Angela Bauer DVM,Tracey Fitzgerald,mcphersonpamela@yahoo.com,154,4,78.28,Pass writer thousand walk certainly others social radio.,204 Amy Plains,Jonathanside,Hawaii,Tunisia
Daniel Francis,Elizabeth Snyder,kathleen81@perez-walters.com,107,4,56.04,Partner each few herself finish already.,6701 Sara Lodge Apt. 068,North Matthew,Massachusetts,Jordan
Mark Anderson,Megan Greene,kimberly51@hotmail.com,151,8,33.27,Think hard range increase.,562 Melissa Manors Apt. 619,Lake Danny,Oklahoma,Trinidad and Tobago
Danielle Brown,Patricia Jordan,jonathanpatel@martin.net,121,4,52.28,Amount too develop assume product half.,575 Chang Centers Apt. 029,South Matthewfort,Louisiana,Uruguay
Arthur Griffin,Kevin Ross,davisanthony@moore.com,176,8,70.11,Development exactly wish each.,88798 Richard Parkway Suite 402,Martintown,Delaware,Saint Vincent and the Grenadines
Denise Adams,Madeline Murray,lesliefreeman@vaughan.net,138,5,43.64,Body catch before attack.,70869 Michelle Meadow,South Cassandraport,Idaho,Lesotho
Carl Rodriguez,Casey Torres,benjaminjohnson@king.biz,168,1,5.79,Specific attack for yet southern chance.,9363 Randall Meadow Apt. 736,Andersonburgh,Mississippi,Slovenia
Brittany Curtis,Nicole Wright,lmartinez@hotmail.com,135,6,98.48,Cup machine first agency gas.,1984 Mark Springs Suite 388,South James,Colorado,Canada
Gabriel Smith,Amy Jones,lauriewilliams@gmail.com,141,6,51.4,Specific should size record gas imagine.,95345 Jones Fork Suite 098,East Glenn,Washington,Kenya
Jason Miller,Stephen Holt,luis14@lopez-mack.info,136,9,15.32,Small future however rock.,6527 David Cliff Suite 597,North Ericton,New Mexico,Lao People's Democratic Republic
Alexis King,Ann Bryant MD,webbmatthew@king-hernandez.org,134,7,10.42,Management exactly recent role mission occur.,27229 Osborne Mills Suite 181,West Francesmouth,Indiana,Algeria
Michelle Davis,Jason Lopez,joneskarla@gmail.com,189,4,27.86,His performance agreement speech teacher support watch.,067 Michelle Orchard Apt. 744,Parkview,Louisiana,Namibia
Mary Barajas,Stephen Bates,esmith@yahoo.com,174,9,24.23,Half herself behind indeed.,58327 Wilson Ford,Crawfordfurt,Texas,Romania
Shelly Rodriguez,David Lindsey,tranian@hotmail.com,183,8,62.29,Tonight specific head can word direction today.,3555 Trevor Coves Suite 782,Smithstad,Texas,Nepal
Jennifer Peters,Michelle Williams,samuelnichols@espinoza.com,115,1,17.08,Language go raise stage performance base know method.,5749 Nathan Mews Suite 386,South Brenda,Nebraska,Kenya
Erica Martin,Jacob Jackson,zachary72@gmail.com,174,3,36.08,Near give meet off.,36347 Coffey Shore Apt. 053,South Deborahville,Tennessee,Indonesia
Robert Payne,Kevin Mitchell,baileyanthony@martin.net,107,1,40.4,Quickly miss law.,9215 Wilson Tunnel Suite 265,Longchester,Idaho,Antigua and Barbuda
Caroline Olson,Christine Oconnor,mcconnellwilliam@beasley.biz,171,6,44.15,Girl than several option Congress begin.,482 Hart Groves,Port William,Maine,Niue
Kelly Foster,Jessica Ramirez,kennedygary@gmail.com,164,8,7.51,Every work wait meeting teacher new.,8982 Jacob Villages,Thomasmouth,California,Brazil
Christine Rogers,Natalie Taylor,udeleon@mcmahon.org,150,8,92.84,Design about opportunity might might.,86348 English Islands Suite 310,North Kari,Delaware,Faroe Islands
Tammy Aguilar,Leslie Nelson,bakertonya@hotmail.com,112,9,35.54,Former make way.,5641 Smith Street,Williamsbury,New York,Netherlands
Carol Bailey,Terri Herring,schmidtkevin@ortega-mitchell.biz,173,9,5.22,Note majority as institution environmental subject quality.,563 Debbie Light Apt. 979,Whitneyfort,New Jersey,Algeria
Janet Petty,Jennifer Hill,turnerstephanie@hotmail.com,181,7,79.78,Pass both process base.,45559 Warren Pine Suite 178,Diazburgh,Montana,Afghanistan
Olivia Mccoy,Frank Taylor,mcdanieljordan@bruce-winters.biz,131,6,12.75,Little election test seek all visit magazine.,95470 Spencer Lane Apt. 631,East Johnburgh,North Carolina,South Africa
Mark May,Darren Craig,aaron46@gmail.com,153,3,59.23,Yourself actually late attorney late board year site.,26162 Hurst Villages,Andrewfort,Colorado,Sudan
Brian Shaffer,Shannon Jackson,vcardenas@simon-clark.com,197,3,73.68,Security about social thus accept likely cover young.,48733 Roberts Bridge Suite 233,Kathyshire,Connecticut,Algeria
Scott Stewart,Catherine Rodriguez,michaelmiller@gmail.com,186,7,98.32,West position decide which on challenge.,0081 Lori Expressway,East Marco,Michigan,Guam
Mrs. Tonya Copeland,Courtney Gonzalez,stephen42@rodriguez.com,138,2,63.98,Apply white million tax everything assume happen Democrat.,810 Barry Pike,Port Andrew,Washington,Brazil
Christopher Campbell,Adriana Hicks,obullock@stevens.com,117,9,45.97,How strong listen method hit production.,74841 Williams Extensions,Meganstad,South Dakota,Norway
Lori Stuart,Natasha Martin MD,becky41@hotmail.com,173,5,42.18,Ok player number senior.,8952 Fitzgerald Dale,New Caseystad,South Carolina,Germany
Mark Goodman,Jodi Jackson,beverlyguerrero@mclaughlin.info,123,7,97.78,Support popular development exist present agent part.,3826 James Throughway,Hallberg,Mississippi,French Polynesia
Gloria Preston,Tracey Perez,samantha70@burnett-smith.net,169,1,28.36,Police try probably chance star only.,27185 Sandra Stravenue,Harristown,Texas,Angola
Jasmine Nicholson,Doris Bush,pamela36@hotmail.com,183,3,39.92,Charge result money own lead skin level.,954 Ortega Loop Suite 097,East Mindyshire,Vermont,China
Jacob Pitts,Louis Avila,khurst@hotmail.com,173,4,66.65,Adult policy bit significant open.,6591 Williams Garden,Port Gabriellaport,Vermont,Lebanon
Steven Martinez DDS,Kevin Harper,brewerjames@hotmail.com,155,1,87.8,Or church start house better.,519 Jones Circle,Carlahaven,Minnesota,British Indian Ocean Territory (Chagos Archipelago)
Carla Jones,Ronald Boyd,smithmichael@lopez.com,196,5,19.23,Performance break change at policy maintain safe.,6075 Andrew Stream,East Jenniferville,Virginia,Cook Islands
Frank Stark,Jesse Palmer,nina81@chen.com,173,5,37.76,News work country activity voice simple.,3563 Breanna Courts Suite 175,East Alyssachester,Minnesota,Uganda
Dr. Alex Smith,John Lambert,virginia36@reed-smith.com,114,5,28.74,However perform job here serve.,3918 Gary Skyway,Garyfort,South Carolina,Bouvet Island (Bouvetoya)
Marcus Coffey,Megan Harrell,ecochran@yahoo.com,121,5,44.48,Many structure herself job.,3968 Baker Hills Suite 099,West Robertbury,Oregon,Holy See (Vatican City State)
Cheyenne Miller,Ronald Walls,marieromero@myers.com,154,2,32.19,Environment word beautiful religious fish current drug.,198 Lindsey Crossroad Apt. 064,Chaveztown,Alabama,Nauru
Dawn Peck,Sheryl Jones,vmosley@huang.com,113,7,14.5,After century visit international purpose increase left.,82874 Carlson Prairie,West Kelly,Missouri,Western Sahara
Kimberly Owens,Julia Kemp,usmith@boyd-rice.info,176,8,73.53,Raise magazine late.,434 Tiffany Heights,West Paulland,Nebraska,Italy
April Robinson,Larry Graham,doylecindy@tucker.net,125,9,53.03,She analysis for ago create.,3765 Wood Curve,South Adam,Michigan,Czech Republic
Robert Perez,Lucas Reyes,angelarogers@duncan-ramos.biz,135,8,24.29,Notice dog according describe such clear share.,46298 Stafford Rapid,North Haley,Georgia,French Southern Territories
Perry Snyder,Ryan Lee,george75@berg-whitney.biz,173,7,61.97,Organization course the natural between ready.,99078 Clark Port Suite 562,South Ashley,Missouri,El Salvador
Janice Chavez,Allen Ortiz,twright@hotmail.com,163,5,87.22,Apply relate seek figure.,5213 Antonio Mountain,Stephaniemouth,Delaware,Seychelles
Laura Moore,Phillip Zimmerman,vhernandez@yahoo.com,131,8,12.12,Interesting affect key member happen.,627 Rodriguez Route,North Vanessaland,New Jersey,Martinique
Kimberly Shaw,Theresa Johnson,tabbott@yahoo.com,136,4,53.97,Last assume newspaper win away one.,0954 Brittany Landing Apt. 083,South Joshuahaven,Oklahoma,Nicaragua
Steven Evans,Justin Wright,michelleroberts@gmail.com,150,7,9.91,Reason must house still ok.,92376 Fuller Village,Gutierrezmouth,Arkansas,Christmas Island
William Graham,Whitney Wood,williamsherman@smith-george.com,134,6,95.11,Garden nothing start drive cost ball class.,062 Patton Inlet Apt. 626,North Stephenborough,Mississippi,Hungary
Brian Peterson,Dustin Johnson,stonesteven@skinner.com,195,5,10.57,Stuff talk Republican pick sign to.,14731 Jay Shoals,Port Danaton,New York,Cocos (Keeling) Islands
Allison Fletcher MD,Tammy Pacheco,kmyers@elliott-valdez.com,134,3,73.84,Long condition recognize relationship thought various other billion.,57432 Angela Land Suite 505,Smithburgh,Kentucky,Isle of Man
Brandi Jones,Kimberly Romero,alexandrafloyd@hotmail.com,132,9,65.01,Argue response bag raise try cold whose eye.,54352 Michelle Pines Suite 030,Griffinfort,California,Saint Martin
Edward Alexander,Dr. Timothy Smith,petersonedward@yahoo.com,159,8,74.59,Around support economic discussion show deep.,8817 Shannon Freeway Suite 808,Port William,Delaware,American Samoa
Jacob Howard,Brian Young,westmelinda@yahoo.com,108,4,91.04,Threat development marriage film industry.,3866 Sarah Oval,North Haleyburgh,New Mexico,Algeria
Amber Garcia,Felicia Kennedy,larryblack@yahoo.com,144,2,82.17,Catch here night save.,1862 Barrett Track,Sethbury,New Hampshire,Ukraine
Crystal Yang,Angela Alvarez DDS,zpittman@velasquez.com,190,4,66.36,Contain business would whether.,4452 Kevin Locks,South Rhonda,Colorado,Saint Vincent and the Grenadines
Jesse Jones,Brenda Wilson,perrydavid@yahoo.com,106,9,12.32,Evidence attention space myself different.,213 Arellano Roads Apt. 950,Rebeccabury,Oregon,Hungary
John Stewart,Michele Ramos,wagnermorgan@sanchez-morris.com,192,4,86.54,Report across reach energy allow school.,630 Robbins Grove,Anthonyshire,Rhode Island,Turkey
Sean Richard,Joe Rice,patriciacooke@yahoo.com,181,4,20.4,Child answer strong international person those wonder.,485 Laura River,Farmertown,Mississippi,Tajikistan
Shawn Ramsey,Angela Stevens,garrett75@morse.com,107,5,77.56,Model senior special.,7668 Mitchell Crossroad Apt. 492,New Carlashire,Mississippi,Pitcairn Islands
Mr. Michael Brown MD,Steve Fuentes,zhahn@gmail.com,101,5,48.41,Risk her suddenly skin suggest.,64564 Mayer Forges,North John,Wyoming,Tonga
Angela Santiago,Nicole Knight,mramirez@nelson.biz,105,6,19.36,Trial of end air.,893 Brandon Manors,East Karen,New Mexico,French Guiana
Mr. Matthew Morales DDS,James Rose,lcarey@rodriguez-perez.com,114,9,79.89,Themselves few race should job radio employee.,489 Deborah Point Suite 319,North Steven,Nevada,Pitcairn Islands
Amanda Gentry,Anne Matthews,jenniferramirez@hotmail.com,171,6,29.8,Dog improve whole anything.,0003 Brown Lock,Estradashire,Virginia,Cocos (Keeling) Islands
Brandon Collins,Alicia Bowen,utrevino@hotmail.com,107,9,24.98,Personal record opportunity course edge.,447 Bonnie Stream,Port Mary,Colorado,Saudi Arabia
Marcus Bird,Joseph Mercado,lscott@diaz.com,138,5,87.91,Call speech indicate hard later street policy.,9954 Jamie Run Apt. 805,Levinehaven,Florida,Brazil
Adam Lopez,Shane Daniels,meyerjohn@hotmail.com,131,2,28.4,Tend kitchen artist blood deal glass.,655 Bruce Ramp Apt. 210,New Michael,Montana,Benin
Alicia Smith,Bruce Marquez,bowenzachary@yahoo.com,138,9,5.1,May leader herself employee certain.,330 Jeffrey Mews Suite 870,East John,South Dakota,Brunei Darussalam
Steve Bolton,Nicole Pierce,dsimpson@rich.com,145,9,84.69,Brother seek argue hour occur little shoulder.,6717 Hartman Forks Apt. 301,Guzmanmouth,Maine,Morocco
Christopher Potter,Keith Palmer,wlong@gmail.com,163,1,30.99,Hotel likely discover.,602 Cassandra Station Apt. 461,New Nicole,Florida,Falkland Islands (Malvinas)
Terrence Parker,Robert Dean,elizabethgarner@yahoo.com,160,2,42.29,Strategy author evening manager.,46418 Lara Causeway Apt. 799,West Nicholas,Rhode Island,Cook Islands
Robert Mckinney,Jessica Short,watsonwilliam@martin-burnett.biz,162,4,17.63,In leg news international series nature society executive.,711 Krystal Park Suite 794,South Angelaberg,Texas,Georgia
Robert Miller,Philip Ward,scollins@wood-jones.com,176,7,18.65,Wonder small later think foreign century fast buy.,806 Powell Grove Apt. 029,South Michael,Georgia,Niger
Jamie Wright,Stephanie Rodgers,michelle10@keller.info,137,3,15.64,Base agency seven TV.,8549 Heather Gateway,Reneeville,Alaska,Niue
Stephanie Perez,Sarah Burns,jacqueline53@gmail.com,167,3,23.96,Technology make now herself.,84467 Rebecca Wells,South Nicoleville,North Carolina,Czech Republic
Michael Smith,Cindy Casey,griffinbrent@nunez.org,179,5,65.68,Cost allow rule series civil more thus down.,1364 Casey Trail,Moodyfurt,South Dakota,Thailand
Shannon Thomas,James Roberts,wdavis@yahoo.com,133,7,62.98,Contain of different.,6615 Travis Courts Apt. 442,Susanside,Mississippi,Benin
James Peterson,Christopher Cannon,dwalker@yahoo.com,122,6,64.71,Idea than cost matter happen.,478 Caroline Tunnel Suite 161,East Danielfort,Oregon,Belarus
Daniel Morrison,Douglas Miller,kristayork@gmail.com,142,6,96.02,Move realize sometimes evidence hospital wear image.,7932 Jones Burg,West Brittany,New York,Romania
Shawn Sampson,Theresa Wood,tammysims@yahoo.com,126,7,42.01,Every employee line wrong can education.,32482 Jacob Harbors,Port Rita,Vermont,Mauritania
Kelly Le,Antonio Hunter,lrobbins@hotmail.com,114,4,80.76,Modern environmental throughout eye white.,0849 Mcintyre Estate,East Margaret,Iowa,United States Minor Outlying Islands
David Chaney,Jacob Watkins,zmartinez@hawkins.biz,115,4,52.31,Understand perhaps kitchen data.,5573 Suarez Underpass,Port Anthonyhaven,Mississippi,Saudi Arabia
Tammy Foster,Karen Ortiz,barkerjessica@gmail.com,193,4,88.52,Rather piece statement art.,00698 Whitaker Port Apt. 329,Christophermouth,Alabama,Ecuador
Richard Gutierrez,Ashley Brady,darrelljones@martin.com,133,8,96.85,Just word cover likely available.,034 Wilson Locks,Williamsport,Ohio,New Caledonia
Michelle Russell,Michael Lee,heather17@jones.com,194,4,68.22,Next become collection.,3109 Freeman Summit Apt. 419,New Diamondton,South Dakota,Mexico
Kelsey Roberts,Annette Cooper,dunnashley@thomas.org,119,3,57.85,Artist those health eat fine blue everyone support.,0301 Kyle Ways,Michaelside,New Jersey,Botswana
Rebecca Gonzales,Hailey Ruiz,vegasherri@walker.com,114,6,96.11,A hit recent street off.,051 Amanda Stravenue,West Sherry,Texas,San Marino
Angelica Tran,Beth Bailey,jasmine74@collins.net,161,1,53.52,Report author true time.,324 Patterson Circle Suite 128,Stevenborough,Kansas,Martinique
Russell Wagner,Robert Collins,smalljulian@gmail.com,150,8,57.16,Raise study serve strong again group serve on.,981 Jackson Drive,Howardberg,North Dakota,New Zealand
Amy Cox,David Gonzalez,jeff19@ferguson.info,166,8,14.49,Which pull front hotel up visit candidate.,147 Mark Forges Suite 426,West Christopher,Georgia,Serbia
Joan Park,Ryan Vasquez,joseschwartz@singh-beltran.com,165,3,52.12,Thus unit here difficult human series smile.,971 Peterson Tunnel,Greeneberg,Iowa,Reunion
Dr. Marc Williams,Sabrina Craig,njenkins@hotmail.com,157,2,32.32,Address drug trip majority seem decision.,26619 Ashley Prairie Suite 306,Manuelberg,Tennessee,Mongolia
Andrew Armstrong,Derek Thomas,evelyn41@stephenson-simpson.com,118,1,73.09,Someone and check make.,3937 Coleman Mount Apt. 524,Lake Jermaine,North Dakota,Grenada
Linda Keller,Laura Peterson,johnnyrichardson@yahoo.com,138,6,11.08,Become research leader food be.,60790 Freeman Run,West Amanda,New Hampshire,Italy
Amanda Alvarado,Lisa Lane,nbeasley@collins-schultz.com,119,9,96.94,Region strong in move someone east color.,9267 Richard Loop,Michaelstad,Missouri,Afghanistan
Crystal Kennedy,David Gonzales,nelsonbarbara@peterson.com,180,3,72.21,Operation business across go.,5602 Lynch Hollow,Alvaradoport,Ohio,Macedonia
Casey Hall,Sherri Ross,heatherflores@maddox-alvarado.com,139,3,90.9,Cover particular ask dog whatever family.,56360 Gomez Island,Tonistad,Iowa,Russian Federation
Amy Blair,Kelly Avila,owolf@gmail.com,160,4,66.82,Television professional success pattern art full.,9163 Bobby Fort Suite 982,Meganstad,Colorado,Kyrgyz Republic
Rachel Luna,Denise Logan,washingtonbianca@gmail.com,177,9,17.56,Pay true spring beautiful risk protect approach.,23263 Ryan Rapid Suite 889,New Melodyville,Hawaii,Honduras
Robert Williams MD,Danielle Velez,pinedalisa@webster-mccall.org,123,2,98.32,Surface available audience could.,696 Payne Meadow,Riveratown,Ohio,Panama
Mary Fisher,Lisa Wheeler,jasmine80@gmail.com,116,5,12.08,Mrs blood father today.,2451 Jennifer Parkways,Williamsstad,Massachusetts,Northern Mariana Islands
Marisa Zhang,Scott Winters,stephanie36@yahoo.com,141,2,68.77,Tonight amount wear wind.,171 Navarro Estates Suite 628,Heatherhaven,Texas,Grenada
Claudia Saunders,Amanda Griffith,rjohnson@williams-stone.com,121,4,82.92,More hand better first.,504 James Crossing,Port Rodneybury,Idaho,Swaziland
Suzanne Sanchez,Michael Baker,osmith@johnson.com,155,5,5.61,Guy who meet act statement have memory sign.,07651 Harper Brook,Robinbury,Louisiana,Turkmenistan
Jane Aguilar,Paul Mcdonald,omartin@gmail.com,155,5,25.54,Decide radio man stock.,123 Ryan Way,Byrdland,Colorado,Sweden
Gregory Johnson,Melissa Adams,pierceaustin@yahoo.com,196,9,62.43,Laugh decision continue detail boy.,7504 Garcia Row,Ryanfort,Tennessee,Solomon Islands
Emily Cooley MD,Ricardo Jordan,jenniferreynolds@scott.com,141,2,56.31,Position list resource.,61095 Stephanie Mount Suite 822,East Pamelamouth,New Hampshire,Andorra
Lindsay Miles,Tracey Clark,donkim@hotmail.com,114,1,76.88,Star teach late one nation sign rise.,64692 Tanner Club Apt. 806,Kendraside,North Carolina,United States Minor Outlying Islands
Joseph Griffin,Michael Jordan,maria43@baker-thompson.org,197,2,85.94,Tell Democrat side cell plant.,2681 Christopher Drives,East Kristinamouth,Nebraska,Bermuda
James Carter,Megan Owens,ssmith@hotmail.com,126,1,53.28,Might form great rise measure.,9243 Anderson Cliff Apt. 652,Chavezton,Arizona,Italy
Maria Hobbs,Jacqueline Hartman,martinbarbara@hotmail.com,187,1,46.83,Within city movement list these ahead.,1285 Foster Unions Apt. 081,Thomaschester,Oregon,Uzbekistan
Kyle Campos,Miguel Harris,shermanveronica@rivera.com,164,4,89.39,So expect else.,970 Lewis Radial,Port Alejandro,Kansas,Chad
Amanda King,Richard Ponce,gonzalezbrian@hotmail.com,107,6,48.44,Perform third thus now environmental himself.,695 Gregory Creek Suite 597,Emilyland,Washington,United Kingdom
Andrew Guerrero,April Velazquez,joneswayne@hotmail.com,172,5,48.05,Security interview point effect.,519 Lindsey Springs,Port Jaredmouth,Rhode Island,Guinea
Erin Medina,Timothy Brown,christophergray@maldonado.com,121,3,41.32,Report since card.,11364 Mclaughlin Ways,North Jenniferhaven,Maryland,Greenland
David Carlson,Wendy Bartlett,kristenhiggins@gmail.com,131,7,77.7,Father yes reality hit politics pretty power.,3339 Carr Courts Suite 531,New Lauriechester,Arkansas,Tokelau
Brian Middleton,Michael Chavez,abranch@rowe.info,151,9,65.09,Painting somebody behavior game sea success.,00620 Michelle Island Apt. 696,West Annfurt,Wyoming,Namibia
Janice Hampton,Amy Gates,bhenderson@yahoo.com,158,6,96.61,Fall south leg measure early debate because.,4739 Davis Brooks Suite 799,East Danielview,Louisiana,Malawi
Gina Blake,Allison Mckinney,sgonzalez@hotmail.com,157,4,83.22,Cultural under although during relationship.,3113 Wallace Greens Suite 542,New Sean,Texas,Indonesia
Lindsey Morgan,Eric Fitzpatrick,stephencurry@zamora.net,180,8,12.1,Maybe color recognize east information happen major.,641 Marissa Haven,Morrisonside,Pennsylvania,Bosnia and Herzegovina
Mrs. Christina Rogers,Christina Rollins,gkelly@hotmail.com,147,4,87.87,Success anyone chance wear age news drug.,31222 Wilcox Crescent,Port Mikaylaburgh,Kentucky,Costa Rica
Sheryl Evans,Samantha Morris,scottariel@lloyd.com,134,7,81.18,Official culture your teacher require law.,996 Patrick Drives Apt. 974,South Christophertown,Oregon,Guinea-Bissau
Joseph Quinn,David Gray,thomasjacob@kaiser.com,108,2,13.17,Born available many or.,158 Parks Springs,Lake Williamville,Nevada,Congo
Randall Thomas,Christopher Gutierrez,aprilbishop@gmail.com,139,7,7.11,Statement thing happen program education.,868 Dominguez Estate Suite 762,Roseland,Indiana,Guatemala
Hailey Jacobs,Sally Ortiz,chloe65@wolfe-patterson.com,149,1,68.38,Argue most star identify clear else guy name.,2055 Salazar Vista,West Barbaraburgh,Oregon,Saint Helena
Dylan Noble,Grace Henry,olewis@wilson.org,111,7,40.02,Service position west.,7365 Sara Track Apt. 048,Mikestad,Alabama,United States Virgin Islands
David Knight,Terri Wilson,phicks@gonzalez-wagner.com,138,4,39.28,Daughter west also may worker.,0838 Neil Avenue Suite 354,Williamsonbury,Connecticut,Guinea-Bissau
Ricky Anderson,Brandon Khan,elizabethbaldwin@hotmail.com,146,1,13.35,Little mother fact score month campaign.,1731 Bradley Motorway,Port Lee,Ohio,Saint Lucia
Tyler Weber,Alexandra Young,smendoza@gmail.com,140,8,28.56,Practice decide majority perhaps race health.,6179 Johnston Stravenue Suite 914,Port Matthew,Virginia,Ethiopia
Tyler Wilson,Dan Clark,twilliams@walker.com,107,3,77.23,Whether fill western letter.,938 Christopher Island,Tranport,Connecticut,Morocco
Dylan Randall,Chelsea Morgan,martinlarry@yahoo.com,155,6,50.48,These senior note ever.,88333 Carolyn Lodge,Mathismouth,Washington,Pakistan
Jordan Alexander,Hannah Watson,justin12@sweeney.com,199,3,50.63,Yard particular television sea.,640 Louis Corners Suite 483,Ernestton,Missouri,Guinea
Stephanie Stone,Reginald Tran,xhall@hotmail.com,105,5,59.44,Mouth pass summer hundred bad nation couple plant.,910 Kevin Lane,Jeffreytown,Florida,Turkmenistan
Brenda Summers,Antonio Obrien,dbowen@hotmail.com,162,3,69.19,Hold win then very trip.,55298 Bradley Port,Port Amyville,Kentucky,Iraq
Kim Wilson,Kelly Rivas,cwebb@maldonado.org,196,4,20.2,Window in bed market.,9645 Weiss Isle,Lake Katherinefort,West Virginia,Bhutan
Tracy Gutierrez,Alejandro Black,lisa03@hogan-tucker.com,176,9,15.44,Everything anything wish star.,0176 Anderson Trace Suite 790,Codyfort,South Carolina,South Georgia and the South Sandwich Islands
Nicole Parks,Shannon Liu,boyermatthew@washington.info,139,6,26.55,Up moment receive recently.,0738 Adrian Mission Apt. 431,Port Ashley,Illinois,Tunisia
Larry Walton,Kenneth Rogers,antoniohunt@hotmail.com,143,7,94.29,Condition group education edge hour.,83615 Patricia Pines Apt. 694,Cristianview,Rhode Island,Algeria
Mariah Smith,Thomas Rivera MD,jmendez@silva.com,128,7,79.94,Rather personal its.,03564 Samuel Harbor Apt. 977,Port Michaelbury,Maryland,Gambia
Jennifer Moreno,Paul Schultz,desireeho@hotmail.com,107,2,95.87,Indicate weight treatment pressure beautiful bed allow head.,0153 Hernandez Street Suite 878,North Rebecca,Texas,Yemen
Erin Williams,Sarah Gordon,vacevedo@hayes-gonzalez.info,183,8,54.38,Radio either live husband.,3532 Meyer Trace,Lake Christina,Florida,Gambia
Ronald Hart,Terry Martinez,douglas80@gmail.com,121,9,92.06,Lay break hear much authority.,90791 Jarvis Lodge,East Jonathanchester,Connecticut,Kyrgyz Republic
Madeline Castaneda,Miss Christine Potter,wowens@martin.info,107,6,64.45,Child add participant since ground member similar.,54866 Carroll Roads Suite 231,South Diane,Alabama,Somalia
Cody Dorsey,Veronica Payne,bcole@mcintyre-ramos.com,142,1,57.73,Same information particularly tell result growth whatever.,444 Harrington Centers,East Jamie,Colorado,Guatemala
Stephen Wright,Dennis Cook,hgibson@yahoo.com,191,2,27.19,Team up doctor will.,13083 Ball Flats,Port Jessica,Alaska,Egypt
Jason Banks,Tiffany Sampson,hluna@gmail.com,188,1,16.91,Stuff more personal remain trip star few.,729 Alexander Parkways Suite 620,Deanbury,Illinois,Bosnia and Herzegovina
Gwendolyn Fowler,Amanda Jackson,timothyelliott@gmail.com,114,4,33.87,Girl idea month trip choose.,5836 Gray Hollow,Mosesborough,Michigan,Philippines
Jonathan Griffin,Steven Lopez,danielle14@gmail.com,193,3,57.02,Agreement training development care explain.,988 Thomas Crest,Juliahaven,Missouri,Gabon
David Willis,Lindsay Harris,kochkelsey@hotmail.com,151,6,91.09,Hear positive today week door.,403 Jenkins Trail Apt. 569,Danielbury,Washington,Cameroon
Matthew Davis,Heather Cummings,edward89@hotmail.com,143,5,25.62,Effect school from personal.,45146 Hickman Inlet Apt. 946,Catherineberg,Connecticut,Nepal
Michelle Brown,James Ball,kelly24@yahoo.com,106,8,20.6,Carry those order case else like several sea.,356 Mcintyre Prairie Apt. 519,Sharonton,Iowa,Paraguay
Lisa Chavez,Hannah Williams,chasewilliams@hotmail.com,183,6,36.87,Agreement future own.,396 Charles River,North Kelly,Nebraska,Niger
Diane Griffin,Brianna Ayala,sonya12@thompson.com,156,8,89.06,Show occur reality edge item summer candidate.,34564 Jackson Radial Suite 590,Gillview,Colorado,Singapore
Joshua Bautista,Charles Miller,ujohnson@diaz-chandler.info,175,5,63.86,Maybe candidate use move time.,81944 Robert Bridge,Samanthamouth,South Carolina,Grenada
James Bennett,Justin Keller,thompsonaudrey@dunn.com,100,9,10.46,Answer nature real accept score who federal.,542 Nicholas Viaduct,Port Michael,Wisconsin,French Guiana
Jordan Hicks,Melissa Hendricks,matthewbrown@chavez.net,170,3,43.41,Treatment experience really after head word.,394 Debra Tunnel Suite 394,Barneshaven,Hawaii,Jordan
Benjamin Richardson,Sharon Daugherty,haleyjohn@hotmail.com,165,9,47.71,Example like social end federal.,825 Michele Ports,South Rickland,Vermont,Suriname
Andrew Hall,Sarah Black,zjefferson@hotmail.com,156,1,69.45,Attorney first stand way cup move.,346 Brandon Gardens,West Timothy,North Carolina,Tokelau
Neil Anderson,George Phillips,karen10@holmes-hubbard.com,182,8,95.46,Hour nor his daughter price manager vote.,010 Olson Isle,New Michelleview,Montana,Lesotho
Deborah Griffin,Andrew Lambert,lauralewis@boone-odonnell.biz,103,6,79.08,Debate I scientist look actually social perhaps site.,2080 Gay Wall Suite 190,Owentown,Montana,Chile
Robert Parsons,Tammy Nguyen,benjamin69@foster-richard.com,106,3,97.28,Thing more actually that deep image cut.,32338 Haas Wall Apt. 492,Port Lauraton,Louisiana,Botswana
Jennifer Foster,Jason Duncan,hannajennifer@hotmail.com,162,4,78.32,Worry concern no clear call.,03232 Roger Courts Suite 564,North Catherine,Oklahoma,Venezuela
Karl Garcia,Donald Fitzgerald,joshua38@maldonado-house.com,103,7,72.43,Environmental through doctor investment now seek American.,85974 Hernandez Drive,Jonesmouth,Kentucky,Iran
Richard Delgado,William Yang,berrydonald@miller.com,122,5,16.81,View nice them situation.,24679 Christopher Well,Stokesfort,Vermont,Comoros
Anthony Cole,Meghan Salinas,michellerobinson@yahoo.com,168,6,79.46,All lay both challenge effort assume time.,72324 White Lake,New Dylanbury,Rhode Island,Cambodia
Samantha Jones,Anna Pierce,justin06@henderson-miller.com,176,9,7.1,Response raise deep environment international letter.,327 Carol Lights Suite 541,North Ryan,New Jersey,Falkland Islands (Malvinas)
Leah Ewing,Michael Gonzalez,xreyes@johnson-irwin.com,192,9,29.63,Experience while great according new receive.,82697 Roberts Route,East Crystalview,Indiana,Brazil
Bradley Lane,Paul Reed,anthonyburke@gmail.com,192,7,81.3,Along maintain safe deep adult level stock.,90563 Gordon Hills Apt. 496,South Gregory,Virginia,Croatia
Michael Lyons,Bill Wilson,justin52@hotmail.com,145,5,90.3,Whether ball draw believe service finally listen.,271 Deborah Hills,Port Brittany,South Dakota,Tonga
Juan Moreno,Caleb White,erodgers@garcia-lyons.com,157,2,37.39,Relationship eat art affect cultural decide far.,467 Price Dam Suite 493,Port Connie,Colorado,Norfolk Island
Philip Collins,Kelly Park,laura89@gmail.com,111,6,9.34,Deep expect each especially issue.,306 Sherman Tunnel Suite 699,Port Marie,New Jersey,Trinidad and Tobago
Gabriel Freeman,James Chase,oschroeder@pace.com,164,7,96.41,Matter he treatment inside.,649 Thomas Port Suite 179,Davidborough,Kansas,Honduras
Christian Everett,Michael Townsend,sextonkathleen@hotmail.com,164,1,59.67,Production news religious this.,8905 Patricia Spring,Kylefurt,New Jersey,Syrian Arab Republic
Desiree Montgomery,Jose Franklin,ericksoneric@delgado.com,156,6,88.86,Discover best case interest clear.,91187 Michele Islands,Hubbardmouth,Washington,Pitcairn Islands
Erica Robinson,Tiffany Zimmerman,douglaskeith@gmail.com,133,9,74.83,Wonder group analysis now myself.,802 Kelly Cove Apt. 967,Michaelhaven,Ohio,New Caledonia
Debbie Bauer,Richard Johnson,anna75@young.info,140,7,87.8,Street professor then last star.,16042 Peterson Mountain,Guytown,Wyoming,Saint Barthelemy
John Hawkins,Drew Hammond,dyoung@harris.biz,163,5,85.82,Development left join heavy.,6133 Robert Stravenue,West Jose,Alaska,Pitcairn Islands
Brandi Mendoza,Logan Collins,ijohnson@yahoo.com,149,7,53.97,Work director throw baby eye rise.,35474 Jenna Run,East Mark,Minnesota,British Virgin Islands
David Young,Matthew Wolfe,jeffersonrobert@hotmail.com,157,5,17.23,Hospital street parent anyone.,416 James Junction Apt. 074,South Brettview,Colorado,Libyan Arab Jamahiriya
Terry Craig,Tiffany Wilson,sjohnson@hotmail.com,151,5,63.02,Personal course if responsibility these its.,82167 Matthew Manors,Williamshire,Texas,India
James Gray,Jackson Hoffman,imiller@yahoo.com,198,8,10.8,Successful fish large.,834 Lee Club Apt. 484,New John,Ohio,Benin
Joshua Perez,Jacqueline Oconnor,ashley90@hotmail.com,168,5,30.39,Their address win without cold just sound.,19779 Thomas Tunnel,Webbmouth,Nebraska,Australia
